	yoa	country	gender	perc
0	2006	AB	F	0.0
1	2006	AB	M	0.0
2	2006	AF	F	0.0
3	2006	AF	M	0.0
4	2006	AJ	F	0.0182
5	2006	AJ	M	0.0
6	2006	AK	F	0.0
7	2006	AK	M	0.0
8	2006	AM	F	0.0
9	2006	AM	M	0.0
10	2006	AO	F	0.0
11	2006	AO	M	0.0
12	2006	AR	F	0.0
13	2006	AR	M	0.0156
14	2006	AU	F	0.0
15	2006	AU	M	0.0
16	2006	BA	F	0.0
17	2006	BA	M	0.0
18	2006	BC	F	0.0
19	2006	BC	M	0.0
20	2006	BE	F	0.0
21	2006	BE	M	0.0
22	2006	BK	F	0.0
23	2006	BK	M	0.0
24	2006	BM	F	0.0545
25	2006	BM	M	0.0781
26	2006	BO	F	0.0
27	2006	BO	M	0.0
28	2006	BR	F	0.0
29	2006	BR	M	0.0
30	2006	BT	F	0.0
31	2006	BT	M	0.0
32	2006	BY	F	0.0
33	2006	BY	M	0.0
34	2006	CB	F	0.0
35	2006	CB	M	0.0
36	2006	CD	F	0.0
37	2006	CD	M	0.0
38	2006	CE	F	0.0
39	2006	CE	M	0.0
40	2006	CG	F	0.0
41	2006	CG	M	0.0
42	2006	CH	F	0.0
43	2006	CH	M	0.0
44	2006	CI	F	0.0
45	2006	CI	M	0.0
46	2006	CM	F	0.0
47	2006	CM	M	0.0
48	2006	CN	F	0.0
49	2006	CN	M	0.0
50	2006	CO	F	0.0
51	2006	CO	M	0.0
52	2006	CT	F	0.0
53	2006	CT	M	0.0
54	2006	CU	F	0.2
55	2006	CU	M	0.1094
56	2006	DA	F	0.0
57	2006	DA	M	0.0
58	2006	DC	F	0.0
59	2006	DC	M	0.0
60	2006	DJ	F	0.0
61	2006	DJ	M	0.0
62	2006	EC	F	0.0
63	2006	EC	M	0.0
64	2006	EG	F	0.0
65	2006	EG	M	0.0156
66	2006	ER	F	0.0
67	2006	ER	M	0.0156
68	2006	ET	F	0.0
69	2006	ET	M	0.0
70	2006	GA	F	0.0
71	2006	GA	M	0.0
72	2006	GB	F	0.0
73	2006	GB	M	0.0
74	2006	GG	F	0.0
75	2006	GG	M	0.0
76	2006	GH	F	0.0
77	2006	GH	M	0.0
78	2006	GT	F	0.0
79	2006	GT	M	0.0
80	2006	GU	F	0.0
81	2006	GU	M	0.0
82	2006	HA	F	0.0364
83	2006	HA	M	0.0156
84	2006	HK	F	0.0
85	2006	HK	M	0.0
86	2006	HO	F	0.0
87	2006	HO	M	0.0
88	2006	ID	F	0.0182
89	2006	ID	M	0.0
90	2006	IN	F	0.0
91	2006	IN	M	0.0
92	2006	IR	F	0.0182
93	2006	IR	M	0.0156
94	2006	IS	F	0.0
95	2006	IS	M	0.0
96	2006	IV	F	0.0
97	2006	IV	M	0.0156
98	2006	IZ	F	0.0
99	2006	IZ	M	0.0
100	2006	JO	F	0.0
101	2006	JO	M	0.0
102	2006	KA	F	0.0
103	2006	KA	M	0.0
104	2006	KC	F	0.0
105	2006	KC	M	0.0
106	2006	KE	F	0.0727
107	2006	KE	M	0.0781
108	2006	KG	F	0.0
109	2006	KG	M	0.0
110	2006	KM	F	0.0
111	2006	KM	M	0.0
112	2006	KN	F	0.0
113	2006	KN	M	0.0
114	2006	KRI	F	0.0
115	2006	KRI	M	0.0
116	2006	KU	F	0.0
117	2006	KU	M	0.0
118	2006	KZ	F	0.0182
119	2006	KZ	M	0.0
120	2006	LA	F	0.0
121	2006	LA	M	0.0
122	2006	LE	F	0.0
123	2006	LE	M	0.0156
124	2006	LI	F	0.0
125	2006	LI	M	0.0156
126	2006	LO	F	0.0
127	2006	LO	M	0.0
128	2006	LY	F	0.0
129	2006	LY	M	0.0
130	2006	MA	F	0.0
131	2006	MA	M	0.0156
132	2006	MD	F	0.0
133	2006	MD	M	0.0
134	2006	MI	F	0.0
135	2006	MI	M	0.0
136	2006	MLT	F	0.0
137	2006	MLT	M	0.0
138	2006	MM	F	0.0
139	2006	MM	M	0.0
140	2006	MO	F	0.0
141	2006	MO	M	0.0
142	2006	MT	F	0.0
143	2006	MT	M	0.0
144	2006	MU	F	0.0
145	2006	MU	M	0.0
146	2006	MX	F	0.0
147	2006	MX	M	0.0
148	2006	MY	F	0.0
149	2006	MY	M	0.0
150	2006	MZ	F	0.0
151	2006	MZ	M	0.0
152	2006	NI	F	0.0
153	2006	NI	M	0.0
154	2006	NM	F	0.0
155	2006	NM	M	0.0
156	2006	NP	F	0.0
157	2006	NP	M	0.0
158	2006	PAL	F	0.0
159	2006	PAL	M	0.0
160	2006	PE	F	0.0
161	2006	PE	M	0.0
162	2006	PH	F	0.0364
163	2006	PH	M	0.0469
164	2006	PK	F	0.0
165	2006	PK	M	0.0156
166	2006	RG	F	0.0
167	2006	RG	M	0.0
168	2006	RO	F	0.0
169	2006	RO	M	0.0
170	2006	RS	F	0.0727
171	2006	RS	M	0.0625
172	2006	RW	F	0.0
173	2006	RW	M	0.0
174	2006	SA	F	0.0
175	2006	SA	M	0.0
176	2006	SB	F	0.0
177	2006	SB	M	0.0
178	2006	SD	F	0.0
179	2006	SD	M	0.0
180	2006	SF	F	0.0
181	2006	SF	M	0.0
182	2006	SG	F	0.0
183	2006	SG	M	0.0
184	2006	SH	F	0.0
185	2006	SH	M	0.0
186	2006	SK	F	0.0
187	2006	SK	M	0.0
188	2006	SL	F	0.0
189	2006	SL	M	0.0
190	2006	SO	F	0.1273
191	2006	SO	M	0.1875
192	2006	SR	F	0.0
193	2006	SR	M	0.0
194	2006	SSU	F	0.0
195	2006	SSU	M	0.0
196	2006	SU	F	0.0364
197	2006	SU	M	0.0312
198	2006	SY	F	0.0
199	2006	SY	M	0.0
200	2006	TB	F	0.0
201	2006	TB	M	0.0
202	2006	TH	F	0.0545
203	2006	TH	M	0.0312
204	2006	TO	F	0.0
205	2006	TO	M	0.0156
206	2006	TS	F	0.0
207	2006	TS	M	0.0
208	2006	TU	F	0.0
209	2006	TU	M	0.0
210	2006	TX	F	0.0
211	2006	TX	M	0.0
212	2006	TZ	F	0.0
213	2006	TZ	M	0.0
214	2006	UG	F	0.0
215	2006	UG	M	0.0
216	2006	UP	F	0.0
217	2006	UP	M	0.0
218	2006	UZ	F	0.1455
219	2006	UZ	M	0.2031
220	2006	VE	F	0.0
221	2006	VE	M	0.0
222	2006	VN	F	0.0182
223	2006	VN	M	0.0
224	2006	YM	F	0.0727
225	2006	YM	M	0.0
226	2006	YO	F	0.0
227	2006	YO	M	0.0
228	2006	ZA	F	0.0
229	2006	ZA	M	0.0
230	2006	ZI	F	0.0
231	2006	ZI	M	0.0
232	2006	ZR	F	0.0
233	2006	ZR	M	0.0
234	2007	AB	F	0.0
235	2007	AB	M	0.0
236	2007	AF	F	0.0
237	2007	AF	M	0.0
238	2007	AJ	F	0.0
239	2007	AJ	M	0.0
240	2007	AK	F	0.0
241	2007	AK	M	0.0
242	2007	AM	F	0.0
243	2007	AM	M	0.0
244	2007	AO	F	0.0
245	2007	AO	M	0.0
246	2007	AR	F	0.0023
247	2007	AR	M	0.0
248	2007	AU	F	0.0
249	2007	AU	M	0.0
250	2007	BA	F	0.0
251	2007	BA	M	0.0
252	2007	BC	F	0.0
253	2007	BC	M	0.0
254	2007	BE	F	0.0
255	2007	BE	M	0.0
256	2007	BK	F	0.0
257	2007	BK	M	0.004
258	2007	BM	F	0.2128
259	2007	BM	M	0.2435
260	2007	BO	F	0.0
261	2007	BO	M	0.0
262	2007	BR	F	0.0
263	2007	BR	M	0.0
264	2007	BT	F	0.0
265	2007	BT	M	0.0
266	2007	BY	F	0.0458
267	2007	BY	M	0.0443
268	2007	CB	F	0.0
269	2007	CB	M	0.0
270	2007	CD	F	0.0
271	2007	CD	M	0.0
272	2007	CE	F	0.0
273	2007	CE	M	0.0
274	2007	CG	F	0.0046
275	2007	CG	M	0.002
276	2007	CH	F	0.0023
277	2007	CH	M	0.0
278	2007	CI	F	0.0
279	2007	CI	M	0.0
280	2007	CM	F	0.0
281	2007	CM	M	0.0
282	2007	CN	F	0.0
283	2007	CN	M	0.0
284	2007	CO	F	0.0
285	2007	CO	M	0.0
286	2007	CT	F	0.0
287	2007	CT	M	0.0
288	2007	CU	F	0.0183
289	2007	CU	M	0.0161
290	2007	DA	F	0.0
291	2007	DA	M	0.0
292	2007	DC	F	0.0046
293	2007	DC	M	0.008
294	2007	DJ	F	0.0
295	2007	DJ	M	0.0
296	2007	EC	F	0.0
297	2007	EC	M	0.0
298	2007	EG	F	0.0
299	2007	EG	M	0.0
300	2007	ER	F	0.0114
301	2007	ER	M	0.0241
302	2007	ET	F	0.016
303	2007	ET	M	0.0141
304	2007	GA	F	0.0
305	2007	GA	M	0.0
306	2007	GB	F	0.0
307	2007	GB	M	0.0
308	2007	GG	F	0.0
309	2007	GG	M	0.0
310	2007	GH	F	0.0
311	2007	GH	M	0.0
312	2007	GT	F	0.0
313	2007	GT	M	0.0
314	2007	GU	F	0.0023
315	2007	GU	M	0.002
316	2007	HA	F	0.0
317	2007	HA	M	0.0
318	2007	HK	F	0.0
319	2007	HK	M	0.0
320	2007	HO	F	0.0
321	2007	HO	M	0.0
322	2007	ID	F	0.0
323	2007	ID	M	0.0
324	2007	IN	F	0.0
325	2007	IN	M	0.0
326	2007	IR	F	0.103
327	2007	IR	M	0.1107
328	2007	IS	F	0.0
329	2007	IS	M	0.0
330	2007	IV	F	0.0
331	2007	IV	M	0.0
332	2007	IZ	F	0.0366
333	2007	IZ	M	0.0121
334	2007	JO	F	0.0
335	2007	JO	M	0.0
336	2007	KA	F	0.0
337	2007	KA	M	0.0
338	2007	KC	F	0.0
339	2007	KC	M	0.0
340	2007	KE	F	0.0847
341	2007	KE	M	0.0825
342	2007	KG	F	0.0
343	2007	KG	M	0.0
344	2007	KM	F	0.0
345	2007	KM	M	0.0
346	2007	KN	F	0.0
347	2007	KN	M	0.002
348	2007	KRI	F	0.0
349	2007	KRI	M	0.0
350	2007	KU	F	0.0
351	2007	KU	M	0.0
352	2007	KZ	F	0.0
353	2007	KZ	M	0.0
354	2007	LA	F	0.0
355	2007	LA	M	0.0
356	2007	LE	F	0.0
357	2007	LE	M	0.0
358	2007	LI	F	0.0137
359	2007	LI	M	0.0141
360	2007	LO	F	0.0
361	2007	LO	M	0.0
362	2007	LY	F	0.0
363	2007	LY	M	0.0
364	2007	MA	F	0.0
365	2007	MA	M	0.0
366	2007	MD	F	0.0
367	2007	MD	M	0.0
368	2007	MI	F	0.0
369	2007	MI	M	0.0
370	2007	MLT	F	0.0
371	2007	MLT	M	0.0
372	2007	MM	F	0.0
373	2007	MM	M	0.0
374	2007	MO	F	0.0
375	2007	MO	M	0.0
376	2007	MT	F	0.0
377	2007	MT	M	0.0
378	2007	MU	F	0.0
379	2007	MU	M	0.0
380	2007	MX	F	0.0046
381	2007	MX	M	0.004
382	2007	MY	F	0.0
383	2007	MY	M	0.0
384	2007	MZ	F	0.0
385	2007	MZ	M	0.0
386	2007	NI	F	0.0
387	2007	NI	M	0.0
388	2007	NM	F	0.0
389	2007	NM	M	0.0
390	2007	NP	F	0.0
391	2007	NP	M	0.0
392	2007	PAL	F	0.0
393	2007	PAL	M	0.0
394	2007	PE	F	0.0
395	2007	PE	M	0.0
396	2007	PH	F	0.0275
397	2007	PH	M	0.004
398	2007	PK	F	0.0
399	2007	PK	M	0.0
400	2007	RG	F	0.0
401	2007	RG	M	0.0
402	2007	RO	F	0.0
403	2007	RO	M	0.0
404	2007	RS	F	0.0092
405	2007	RS	M	0.006
406	2007	RW	F	0.0389
407	2007	RW	M	0.0282
408	2007	SA	F	0.0046
409	2007	SA	M	0.004
410	2007	SB	F	0.0
411	2007	SB	M	0.0
412	2007	SD	F	0.0
413	2007	SD	M	0.0
414	2007	SF	F	0.0
415	2007	SF	M	0.0
416	2007	SG	F	0.0
417	2007	SG	M	0.0
418	2007	SH	F	0.0
419	2007	SH	M	0.0
420	2007	SK	F	0.0
421	2007	SK	M	0.0
422	2007	SL	F	0.0
423	2007	SL	M	0.002
424	2007	SO	F	0.1007
425	2007	SO	M	0.0805
426	2007	SR	F	0.0
427	2007	SR	M	0.0
428	2007	SSU	F	0.0
429	2007	SSU	M	0.0
430	2007	SU	F	0.0046
431	2007	SU	M	0.008
432	2007	SY	F	0.0
433	2007	SY	M	0.0
434	2007	TB	F	0.0
435	2007	TB	M	0.0
436	2007	TH	F	0.1236
437	2007	TH	M	0.1207
438	2007	TO	F	0.0
439	2007	TO	M	0.002
440	2007	TS	F	0.0
441	2007	TS	M	0.0
442	2007	TU	F	0.0
443	2007	TU	M	0.004
444	2007	TX	F	0.0
445	2007	TX	M	0.0
446	2007	TZ	F	0.1053
447	2007	TZ	M	0.1247
448	2007	UG	F	0.0
449	2007	UG	M	0.0
450	2007	UP	F	0.0
451	2007	UP	M	0.002
452	2007	UZ	F	0.0069
453	2007	UZ	M	0.008
454	2007	VE	F	0.0
455	2007	VE	M	0.0
456	2007	VN	F	0.016
457	2007	VN	M	0.0221
458	2007	YM	F	0.0
459	2007	YM	M	0.0
460	2007	YO	F	0.0
461	2007	YO	M	0.0
462	2007	ZA	F	0.0
463	2007	ZA	M	0.0
464	2007	ZI	F	0.0
465	2007	ZI	M	0.0
466	2007	ZR	F	0.0
467	2007	ZR	M	0.0
468	2008	AB	F	0.0
469	2008	AB	M	0.0017
470	2008	AF	F	0.002
471	2008	AF	M	0.0017
472	2008	AJ	F	0.0
473	2008	AJ	M	0.0
474	2008	AK	F	0.0
475	2008	AK	M	0.0
476	2008	AM	F	0.0
477	2008	AM	M	0.0
478	2008	AO	F	0.0
479	2008	AO	M	0.0
480	2008	AR	F	0.0
481	2008	AR	M	0.0
482	2008	AU	F	0.0
483	2008	AU	M	0.0
484	2008	BA	F	0.0
485	2008	BA	M	0.0
486	2008	BC	F	0.0
487	2008	BC	M	0.0
488	2008	BE	F	0.0
489	2008	BE	M	0.0
490	2008	BK	F	0.0
491	2008	BK	M	0.0
492	2008	BM	F	0.1893
493	2008	BM	M	0.2356
494	2008	BO	F	0.0
495	2008	BO	M	0.0
496	2008	BR	F	0.0
497	2008	BR	M	0.0
498	2008	BT	F	0.14
499	2008	BT	M	0.1309
500	2008	BY	F	0.0355
501	2008	BY	M	0.0297
502	2008	CB	F	0.0
503	2008	CB	M	0.0
504	2008	CD	F	0.0
505	2008	CD	M	0.0
506	2008	CE	F	0.0
507	2008	CE	M	0.0
508	2008	CG	F	0.0237
509	2008	CG	M	0.0244
510	2008	CH	F	0.0
511	2008	CH	M	0.0052
512	2008	CI	F	0.0
513	2008	CI	M	0.0
514	2008	CM	F	0.0
515	2008	CM	M	0.0
516	2008	CN	F	0.0
517	2008	CN	M	0.0
518	2008	CO	F	0.0
519	2008	CO	M	0.0
520	2008	CT	F	0.0
521	2008	CT	M	0.0
522	2008	CU	F	0.0178
523	2008	CU	M	0.0105
524	2008	DA	F	0.0
525	2008	DA	M	0.0
526	2008	DC	F	0.0296
527	2008	DC	M	0.0244
528	2008	DJ	F	0.0
529	2008	DJ	M	0.0
530	2008	EC	F	0.0
531	2008	EC	M	0.0
532	2008	EG	F	0.0
533	2008	EG	M	0.0
534	2008	ER	F	0.0039
535	2008	ER	M	0.0087
536	2008	ET	F	0.0099
537	2008	ET	M	0.0087
538	2008	GA	F	0.0
539	2008	GA	M	0.0
540	2008	GB	F	0.0
541	2008	GB	M	0.0
542	2008	GG	F	0.0
543	2008	GG	M	0.0
544	2008	GH	F	0.0
545	2008	GH	M	0.0
546	2008	GT	F	0.0
547	2008	GT	M	0.0
548	2008	GU	F	0.0
549	2008	GU	M	0.0
550	2008	HA	F	0.0
551	2008	HA	M	0.0
552	2008	HK	F	0.0
553	2008	HK	M	0.0
554	2008	HO	F	0.0
555	2008	HO	M	0.0
556	2008	ID	F	0.0
557	2008	ID	M	0.0
558	2008	IN	F	0.0059
559	2008	IN	M	0.0017
560	2008	IR	F	0.0099
561	2008	IR	M	0.0052
562	2008	IS	F	0.0
563	2008	IS	M	0.0
564	2008	IV	F	0.0
565	2008	IV	M	0.0
566	2008	IZ	F	0.1775
567	2008	IZ	M	0.2024
568	2008	JO	F	0.0
569	2008	JO	M	0.006999999999999999
570	2008	KA	F	0.0
571	2008	KA	M	0.0
572	2008	KC	F	0.0
573	2008	KC	M	0.0
574	2008	KE	F	0.0217
575	2008	KE	M	0.0279
576	2008	KG	F	0.0
577	2008	KG	M	0.0
578	2008	KM	F	0.0
579	2008	KM	M	0.0
580	2008	KN	F	0.0
581	2008	KN	M	0.0017
582	2008	KRI	F	0.0
583	2008	KRI	M	0.0
584	2008	KU	F	0.002
585	2008	KU	M	0.0017
586	2008	KZ	F	0.0
587	2008	KZ	M	0.0
588	2008	LA	F	0.0
589	2008	LA	M	0.0
590	2008	LE	F	0.0
591	2008	LE	M	0.0017
592	2008	LI	F	0.0059
593	2008	LI	M	0.0035
594	2008	LO	F	0.0
595	2008	LO	M	0.0
596	2008	LY	F	0.0
597	2008	LY	M	0.0
598	2008	MA	F	0.0
599	2008	MA	M	0.0
600	2008	MD	F	0.0
601	2008	MD	M	0.0
602	2008	MI	F	0.0
603	2008	MI	M	0.0
604	2008	MLT	F	0.0
605	2008	MLT	M	0.0
606	2008	MM	F	0.0
607	2008	MM	M	0.0
608	2008	MO	F	0.0
609	2008	MO	M	0.0
610	2008	MT	F	0.0
611	2008	MT	M	0.0
612	2008	MU	F	0.0
613	2008	MU	M	0.0
614	2008	MX	F	0.0296
615	2008	MX	M	0.014
616	2008	MY	F	0.0039
617	2008	MY	M	0.0052
618	2008	MZ	F	0.0
619	2008	MZ	M	0.0
620	2008	NI	F	0.0
621	2008	NI	M	0.0
622	2008	NM	F	0.0
623	2008	NM	M	0.0
624	2008	NP	F	0.0276
625	2008	NP	M	0.0349
626	2008	PAL	F	0.0
627	2008	PAL	M	0.0
628	2008	PE	F	0.0
629	2008	PE	M	0.0
630	2008	PH	F	0.0099
631	2008	PH	M	0.0017
632	2008	PK	F	0.002
633	2008	PK	M	0.0
634	2008	RG	F	0.0
635	2008	RG	M	0.0
636	2008	RO	F	0.0
637	2008	RO	M	0.0
638	2008	RS	F	0.0
639	2008	RS	M	0.0017
640	2008	RW	F	0.002
641	2008	RW	M	0.0035
642	2008	SA	F	0.0
643	2008	SA	M	0.0
644	2008	SB	F	0.0
645	2008	SB	M	0.0
646	2008	SD	F	0.0
647	2008	SD	M	0.0
648	2008	SF	F	0.0
649	2008	SF	M	0.0
650	2008	SG	F	0.0
651	2008	SG	M	0.0
652	2008	SH	F	0.0
653	2008	SH	M	0.0
654	2008	SK	F	0.002
655	2008	SK	M	0.0
656	2008	SL	F	0.0
657	2008	SL	M	0.0
658	2008	SO	F	0.0533
659	2008	SO	M	0.0471
660	2008	SR	F	0.002
661	2008	SR	M	0.0
662	2008	SSU	F	0.0
663	2008	SSU	M	0.0
664	2008	SU	F	0.002
665	2008	SU	M	0.0
666	2008	SY	F	0.0
667	2008	SY	M	0.0017
668	2008	TB	F	0.0
669	2008	TB	M	0.0
670	2008	TH	F	0.1558
671	2008	TH	M	0.1309
672	2008	TO	F	0.0
673	2008	TO	M	0.0
674	2008	TS	F	0.0
675	2008	TS	M	0.0
676	2008	TU	F	0.0
677	2008	TU	M	0.0
678	2008	TX	F	0.0
679	2008	TX	M	0.0
680	2008	TZ	F	0.0178
681	2008	TZ	M	0.0035
682	2008	UG	F	0.0
683	2008	UG	M	0.0035
684	2008	UP	F	0.0039
685	2008	UP	M	0.0
686	2008	UZ	F	0.0
687	2008	UZ	M	0.0
688	2008	VE	F	0.0
689	2008	VE	M	0.0
690	2008	VN	F	0.0079
691	2008	VN	M	0.0122
692	2008	YM	F	0.0
693	2008	YM	M	0.0
694	2008	YO	F	0.0
695	2008	YO	M	0.0
696	2008	ZA	F	0.0059
697	2008	ZA	M	0.0052
698	2008	ZI	F	0.0
699	2008	ZI	M	0.0
700	2008	ZR	F	0.0
701	2008	ZR	M	0.0
702	2009	AB	F	0.0
703	2009	AB	M	0.0
704	2009	AF	F	0.0
705	2009	AF	M	0.0026
706	2009	AJ	F	0.0
707	2009	AJ	M	0.0
708	2009	AK	F	0.0
709	2009	AK	M	0.0
710	2009	AM	F	0.0
711	2009	AM	M	0.0
712	2009	AO	F	0.0015
713	2009	AO	M	0.0
714	2009	AR	F	0.0
715	2009	AR	M	0.0
716	2009	AU	F	0.0
717	2009	AU	M	0.0
718	2009	BA	F	0.0
719	2009	BA	M	0.0
720	2009	BC	F	0.0
721	2009	BC	M	0.0
722	2009	BE	F	0.0
723	2009	BE	M	0.0
724	2009	BK	F	0.0
725	2009	BK	M	0.0
726	2009	BM	F	0.162
727	2009	BM	M	0.1836
728	2009	BO	F	0.0
729	2009	BO	M	0.0
730	2009	BR	F	0.0
731	2009	BR	M	0.0
732	2009	BT	F	0.2003
733	2009	BT	M	0.1849
734	2009	BY	F	0.0015
735	2009	BY	M	0.0053
736	2009	CB	F	0.0
737	2009	CB	M	0.0
738	2009	CD	F	0.0
739	2009	CD	M	0.0
740	2009	CE	F	0.0
741	2009	CE	M	0.0
742	2009	CG	F	0.0088
743	2009	CG	M	0.004
744	2009	CH	F	0.0
745	2009	CH	M	0.0
746	2009	CI	F	0.0
747	2009	CI	M	0.0
748	2009	CM	F	0.0029
749	2009	CM	M	0.0053
750	2009	CN	F	0.0
751	2009	CN	M	0.0
752	2009	CO	F	0.0
753	2009	CO	M	0.0
754	2009	CT	F	0.0
755	2009	CT	M	0.0
756	2009	CU	F	0.0147
757	2009	CU	M	0.0159
758	2009	DA	F	0.0
759	2009	DA	M	0.0
760	2009	DC	F	0.0133
761	2009	DC	M	0.0119
762	2009	DJ	F	0.0
763	2009	DJ	M	0.0
764	2009	EC	F	0.0
765	2009	EC	M	0.0
766	2009	EG	F	0.0
767	2009	EG	M	0.0
768	2009	ER	F	0.0088
769	2009	ER	M	0.0132
770	2009	ET	F	0.0265
771	2009	ET	M	0.0172
772	2009	GA	F	0.0
773	2009	GA	M	0.0013
774	2009	GB	F	0.0015
775	2009	GB	M	0.0013
776	2009	GG	F	0.0
777	2009	GG	M	0.0
778	2009	GH	F	0.0
779	2009	GH	M	0.0
780	2009	GT	F	0.0015
781	2009	GT	M	0.0
782	2009	GU	F	0.0
783	2009	GU	M	0.0
784	2009	HA	F	0.0
785	2009	HA	M	0.0
786	2009	HK	F	0.0
787	2009	HK	M	0.0
788	2009	HO	F	0.0
789	2009	HO	M	0.0
790	2009	ID	F	0.0
791	2009	ID	M	0.0
792	2009	IN	F	0.0
793	2009	IN	M	0.0
794	2009	IR	F	0.0353
795	2009	IR	M	0.0343
796	2009	IS	F	0.0
797	2009	IS	M	0.0
798	2009	IV	F	0.0
799	2009	IV	M	0.0
800	2009	IZ	F	0.2018
801	2009	IZ	M	0.2312
802	2009	JO	F	0.0103
803	2009	JO	M	0.0092
804	2009	KA	F	0.0
805	2009	KA	M	0.0
806	2009	KC	F	0.0
807	2009	KC	M	0.0
808	2009	KE	F	0.0604
809	2009	KE	M	0.0621
810	2009	KG	F	0.0
811	2009	KG	M	0.0
812	2009	KM	F	0.0
813	2009	KM	M	0.0
814	2009	KN	F	0.0
815	2009	KN	M	0.0
816	2009	KRI	F	0.0
817	2009	KRI	M	0.0
818	2009	KU	F	0.0044
819	2009	KU	M	0.0079
820	2009	KZ	F	0.0
821	2009	KZ	M	0.0
822	2009	LA	F	0.0
823	2009	LA	M	0.0
824	2009	LE	F	0.0029
825	2009	LE	M	0.0
826	2009	LI	F	0.0044
827	2009	LI	M	0.0026
828	2009	LO	F	0.0
829	2009	LO	M	0.0
830	2009	LY	F	0.0
831	2009	LY	M	0.0
832	2009	MA	F	0.0
833	2009	MA	M	0.0
834	2009	MD	F	0.0
835	2009	MD	M	0.0
836	2009	MI	F	0.0
837	2009	MI	M	0.0
838	2009	MLT	F	0.0
839	2009	MLT	M	0.0
840	2009	MM	F	0.0
841	2009	MM	M	0.0
842	2009	MO	F	0.0
843	2009	MO	M	0.0
844	2009	MT	F	0.0
845	2009	MT	M	0.0
846	2009	MU	F	0.0
847	2009	MU	M	0.0
848	2009	MX	F	0.0
849	2009	MX	M	0.0
850	2009	MY	F	0.0029
851	2009	MY	M	0.004
852	2009	MZ	F	0.0
853	2009	MZ	M	0.0
854	2009	NI	F	0.0
855	2009	NI	M	0.0
856	2009	NM	F	0.0
857	2009	NM	M	0.0
858	2009	NP	F	0.0545
859	2009	NP	M	0.0528
860	2009	PAL	F	0.0
861	2009	PAL	M	0.0
862	2009	PE	F	0.0
863	2009	PE	M	0.0
864	2009	PH	F	0.0
865	2009	PH	M	0.0
866	2009	PK	F	0.0
867	2009	PK	M	0.0
868	2009	RG	F	0.0
869	2009	RG	M	0.0
870	2009	RO	F	0.0
871	2009	RO	M	0.0
872	2009	RS	F	0.0
873	2009	RS	M	0.0
874	2009	RW	F	0.0015
875	2009	RW	M	0.0026
876	2009	SA	F	0.0
877	2009	SA	M	0.0
878	2009	SB	F	0.0
879	2009	SB	M	0.0
880	2009	SD	F	0.0
881	2009	SD	M	0.0
882	2009	SF	F	0.0
883	2009	SF	M	0.0
884	2009	SG	F	0.0
885	2009	SG	M	0.0
886	2009	SH	F	0.0
887	2009	SH	M	0.0
888	2009	SK	F	0.0
889	2009	SK	M	0.0
890	2009	SL	F	0.0
891	2009	SL	M	0.0
892	2009	SO	F	0.0987
893	2009	SO	M	0.0528
894	2009	SR	F	0.0
895	2009	SR	M	0.0
896	2009	SSU	F	0.0
897	2009	SSU	M	0.0
898	2009	SU	F	0.0
899	2009	SU	M	0.0026
900	2009	SY	F	0.0044
901	2009	SY	M	0.0
902	2009	TB	F	0.0
903	2009	TB	M	0.0
904	2009	TH	F	0.0604
905	2009	TH	M	0.0766
906	2009	TO	F	0.0
907	2009	TO	M	0.0
908	2009	TS	F	0.0
909	2009	TS	M	0.0
910	2009	TU	F	0.0044
911	2009	TU	M	0.0
912	2009	TX	F	0.0
913	2009	TX	M	0.0
914	2009	TZ	F	0.0
915	2009	TZ	M	0.0
916	2009	UG	F	0.0029
917	2009	UG	M	0.0026
918	2009	UP	F	0.0
919	2009	UP	M	0.0
920	2009	UZ	F	0.0
921	2009	UZ	M	0.0
922	2009	VE	F	0.0
923	2009	VE	M	0.0
924	2009	VN	F	0.0
925	2009	VN	M	0.004
926	2009	YM	F	0.0044
927	2009	YM	M	0.0066
928	2009	YO	F	0.0
929	2009	YO	M	0.0
930	2009	ZA	F	0.0029
931	2009	ZA	M	0.0013
932	2009	ZI	F	0.0
933	2009	ZI	M	0.0
934	2009	ZR	F	0.0
935	2009	ZR	M	0.0
936	2010	AB	F	0.0
937	2010	AB	M	0.0
938	2010	AF	F	0.0041
939	2010	AF	M	0.0072
940	2010	AJ	F	0.0
941	2010	AJ	M	0.0
942	2010	AK	F	0.0
943	2010	AK	M	0.0
944	2010	AM	F	0.0
945	2010	AM	M	0.0018
946	2010	AO	F	0.0
947	2010	AO	M	0.0
948	2010	AR	F	0.0
949	2010	AR	M	0.0
950	2010	AU	F	0.0
951	2010	AU	M	0.0
952	2010	BA	F	0.0
953	2010	BA	M	0.0
954	2010	BC	F	0.0
955	2010	BC	M	0.0
956	2010	BE	F	0.0
957	2010	BE	M	0.0
958	2010	BK	F	0.0
959	2010	BK	M	0.0
960	2010	BM	F	0.142
961	2010	BM	M	0.1721
962	2010	BO	F	0.0
963	2010	BO	M	0.0
964	2010	BR	F	0.0
965	2010	BR	M	0.0
966	2010	BT	F	0.1704
967	2010	BT	M	0.1576
968	2010	BY	F	0.0
969	2010	BY	M	0.0
970	2010	CB	F	0.0
971	2010	CB	M	0.0
972	2010	CD	F	0.0
973	2010	CD	M	0.0
974	2010	CE	F	0.0061
975	2010	CE	M	0.0091
976	2010	CG	F	0.0061
977	2010	CG	M	0.0036
978	2010	CH	F	0.0
979	2010	CH	M	0.0
980	2010	CI	F	0.0
981	2010	CI	M	0.0
982	2010	CM	F	0.0
983	2010	CM	M	0.0018
984	2010	CN	F	0.0
985	2010	CN	M	0.0
986	2010	CO	F	0.0
987	2010	CO	M	0.0
988	2010	CT	F	0.0061
989	2010	CT	M	0.0018
990	2010	CU	F	0.0081
991	2010	CU	M	0.0109
992	2010	DA	F	0.0
993	2010	DA	M	0.0
994	2010	DC	F	0.0568
995	2010	DC	M	0.0217
996	2010	DJ	F	0.0041
997	2010	DJ	M	0.0091
998	2010	EC	F	0.0
999	2010	EC	M	0.0
1000	2010	EG	F	0.0081
1001	2010	EG	M	0.0
1002	2010	ER	F	0.0081
1003	2010	ER	M	0.0145
1004	2010	ET	F	0.0406
1005	2010	ET	M	0.0543
1006	2010	GA	F	0.0
1007	2010	GA	M	0.0
1008	2010	GB	F	0.0
1009	2010	GB	M	0.0
1010	2010	GG	F	0.0041
1011	2010	GG	M	0.0
1012	2010	GH	F	0.0
1013	2010	GH	M	0.0
1014	2010	GT	F	0.0
1015	2010	GT	M	0.0
1016	2010	GU	F	0.0
1017	2010	GU	M	0.0018
1018	2010	HA	F	0.0
1019	2010	HA	M	0.0
1020	2010	HK	F	0.0
1021	2010	HK	M	0.0
1022	2010	HO	F	0.0
1023	2010	HO	M	0.0
1024	2010	ID	F	0.0
1025	2010	ID	M	0.0
1026	2010	IN	F	0.002
1027	2010	IN	M	0.0018
1028	2010	IR	F	0.0203
1029	2010	IR	M	0.0254
1030	2010	IS	F	0.0
1031	2010	IS	M	0.0
1032	2010	IV	F	0.0
1033	2010	IV	M	0.0
1034	2010	IZ	F	0.1785
1035	2010	IZ	M	0.2083
1036	2010	JO	F	0.0061
1037	2010	JO	M	0.0054
1038	2010	KA	F	0.0
1039	2010	KA	M	0.0
1040	2010	KC	F	0.0
1041	2010	KC	M	0.0
1042	2010	KE	F	0.0426
1043	2010	KE	M	0.0362
1044	2010	KG	F	0.0
1045	2010	KG	M	0.0
1046	2010	KM	F	0.0
1047	2010	KM	M	0.0
1048	2010	KN	F	0.0
1049	2010	KN	M	0.0018
1050	2010	KRI	F	0.0
1051	2010	KRI	M	0.0
1052	2010	KU	F	0.002
1053	2010	KU	M	0.0054
1054	2010	KZ	F	0.0
1055	2010	KZ	M	0.0
1056	2010	LA	F	0.0
1057	2010	LA	M	0.0
1058	2010	LE	F	0.0
1059	2010	LE	M	0.0
1060	2010	LI	F	0.0
1061	2010	LI	M	0.0018
1062	2010	LO	F	0.0
1063	2010	LO	M	0.0
1064	2010	LY	F	0.0
1065	2010	LY	M	0.0
1066	2010	MA	F	0.0
1067	2010	MA	M	0.0
1068	2010	MD	F	0.0
1069	2010	MD	M	0.0
1070	2010	MI	F	0.0
1071	2010	MI	M	0.0
1072	2010	MLT	F	0.0
1073	2010	MLT	M	0.0018
1074	2010	MM	F	0.0
1075	2010	MM	M	0.0
1076	2010	MO	F	0.0
1077	2010	MO	M	0.0
1078	2010	MT	F	0.0
1079	2010	MT	M	0.0
1080	2010	MU	F	0.0
1081	2010	MU	M	0.0
1082	2010	MX	F	0.0
1083	2010	MX	M	0.0
1084	2010	MY	F	0.0081
1085	2010	MY	M	0.0072
1086	2010	MZ	F	0.0
1087	2010	MZ	M	0.0
1088	2010	NI	F	0.0
1089	2010	NI	M	0.0
1090	2010	NM	F	0.0
1091	2010	NM	M	0.0
1092	2010	NP	F	0.0609
1093	2010	NP	M	0.0598
1094	2010	PAL	F	0.0
1095	2010	PAL	M	0.0
1096	2010	PE	F	0.0
1097	2010	PE	M	0.0
1098	2010	PH	F	0.0
1099	2010	PH	M	0.0
1100	2010	PK	F	0.0
1101	2010	PK	M	0.0
1102	2010	RG	F	0.0
1103	2010	RG	M	0.0
1104	2010	RO	F	0.0
1105	2010	RO	M	0.0
1106	2010	RS	F	0.0
1107	2010	RS	M	0.0
1108	2010	RW	F	0.0081
1109	2010	RW	M	0.0072
1110	2010	SA	F	0.0
1111	2010	SA	M	0.0
1112	2010	SB	F	0.0
1113	2010	SB	M	0.0
1114	2010	SD	F	0.0
1115	2010	SD	M	0.0
1116	2010	SF	F	0.0
1117	2010	SF	M	0.0
1118	2010	SG	F	0.0
1119	2010	SG	M	0.0
1120	2010	SH	F	0.0
1121	2010	SH	M	0.0
1122	2010	SK	F	0.0
1123	2010	SK	M	0.0
1124	2010	SL	F	0.0
1125	2010	SL	M	0.0
1126	2010	SO	F	0.1034
1127	2010	SO	M	0.0851
1128	2010	SR	F	0.0
1129	2010	SR	M	0.0
1130	2010	SSU	F	0.0
1131	2010	SSU	M	0.0
1132	2010	SU	F	0.0203
1133	2010	SU	M	0.0145
1134	2010	SY	F	0.002
1135	2010	SY	M	0.0
1136	2010	TB	F	0.0
1137	2010	TB	M	0.0
1138	2010	TH	F	0.0669
1139	2010	TH	M	0.0525
1140	2010	TO	F	0.0
1141	2010	TO	M	0.0
1142	2010	TS	F	0.0
1143	2010	TS	M	0.0
1144	2010	TU	F	0.0
1145	2010	TU	M	0.0
1146	2010	TX	F	0.0
1147	2010	TX	M	0.0
1148	2010	TZ	F	0.0101
1149	2010	TZ	M	0.0163
1150	2010	UG	F	0.002
1151	2010	UG	M	0.0
1152	2010	UP	F	0.0
1153	2010	UP	M	0.0
1154	2010	UZ	F	0.0
1155	2010	UZ	M	0.0
1156	2010	VE	F	0.0
1157	2010	VE	M	0.0
1158	2010	VN	F	0.0
1159	2010	VN	M	0.0
1160	2010	YM	F	0.0
1161	2010	YM	M	0.0018
1162	2010	YO	F	0.0
1163	2010	YO	M	0.0
1164	2010	ZA	F	0.002
1165	2010	ZA	M	0.0
1166	2010	ZI	F	0.0
1167	2010	ZI	M	0.0
1168	2010	ZR	F	0.0
1169	2010	ZR	M	0.0
1170	2011	AB	F	0.0
1171	2011	AB	M	0.0
1172	2011	AF	F	0.0148
1173	2011	AF	M	0.0111
1174	2011	AJ	F	0.0
1175	2011	AJ	M	0.0
1176	2011	AK	F	0.0
1177	2011	AK	M	0.0
1178	2011	AM	F	0.0
1179	2011	AM	M	0.0
1180	2011	AO	F	0.0
1181	2011	AO	M	0.0
1182	2011	AR	F	0.0
1183	2011	AR	M	0.0
1184	2011	AU	F	0.0
1185	2011	AU	M	0.0
1186	2011	BA	F	0.0
1187	2011	BA	M	0.0
1188	2011	BC	F	0.0
1189	2011	BC	M	0.0
1190	2011	BE	F	0.0
1191	2011	BE	M	0.0
1192	2011	BK	F	0.0
1193	2011	BK	M	0.0
1194	2011	BM	F	0.202
1195	2011	BM	M	0.245
1196	2011	BO	F	0.0
1197	2011	BO	M	0.0
1198	2011	BR	F	0.0
1199	2011	BR	M	0.0
1200	2011	BT	F	0.1379
1201	2011	BT	M	0.1091
1202	2011	BY	F	0.0025
1203	2011	BY	M	0.0022
1204	2011	CB	F	0.0
1205	2011	CB	M	0.0
1206	2011	CD	F	0.0099
1207	2011	CD	M	0.0089
1208	2011	CE	F	0.0049
1209	2011	CE	M	0.0089
1210	2011	CG	F	0.0025
1211	2011	CG	M	0.0
1212	2011	CH	F	0.0
1213	2011	CH	M	0.0
1214	2011	CI	F	0.0
1215	2011	CI	M	0.0
1216	2011	CM	F	0.0
1217	2011	CM	M	0.0
1218	2011	CN	F	0.0
1219	2011	CN	M	0.0
1220	2011	CO	F	0.0
1221	2011	CO	M	0.0
1222	2011	CT	F	0.0
1223	2011	CT	M	0.0022
1224	2011	CU	F	0.0296
1225	2011	CU	M	0.0312
1226	2011	DA	F	0.0
1227	2011	DA	M	0.0
1228	2011	DC	F	0.0443
1229	2011	DC	M	0.0312
1230	2011	DJ	F	0.0
1231	2011	DJ	M	0.0
1232	2011	EC	F	0.0
1233	2011	EC	M	0.0
1234	2011	EG	F	0.0
1235	2011	EG	M	0.0022
1236	2011	ER	F	0.0172
1237	2011	ER	M	0.0445
1238	2011	ET	F	0.0468
1239	2011	ET	M	0.02
1240	2011	GA	F	0.0
1241	2011	GA	M	0.0
1242	2011	GB	F	0.0
1243	2011	GB	M	0.0
1244	2011	GG	F	0.0
1245	2011	GG	M	0.0
1246	2011	GH	F	0.0
1247	2011	GH	M	0.0
1248	2011	GT	F	0.0
1249	2011	GT	M	0.0
1250	2011	GU	F	0.0
1251	2011	GU	M	0.0
1252	2011	HA	F	0.0
1253	2011	HA	M	0.0
1254	2011	HK	F	0.0
1255	2011	HK	M	0.0
1256	2011	HO	F	0.0
1257	2011	HO	M	0.0
1258	2011	ID	F	0.0
1259	2011	ID	M	0.0
1260	2011	IN	F	0.0
1261	2011	IN	M	0.0
1262	2011	IR	F	0.0591
1263	2011	IR	M	0.0624
1264	2011	IS	F	0.0
1265	2011	IS	M	0.0
1266	2011	IV	F	0.0
1267	2011	IV	M	0.0022
1268	2011	IZ	F	0.069
1269	2011	IZ	M	0.0668
1270	2011	JO	F	0.0025
1271	2011	JO	M	0.0
1272	2011	KA	F	0.0
1273	2011	KA	M	0.0
1274	2011	KC	F	0.0
1275	2011	KC	M	0.0
1276	2011	KE	F	0.0493
1277	2011	KE	M	0.0379
1278	2011	KG	F	0.0
1279	2011	KG	M	0.0
1280	2011	KM	F	0.0
1281	2011	KM	M	0.0
1282	2011	KN	F	0.0049
1283	2011	KN	M	0.0022
1284	2011	KRI	F	0.0
1285	2011	KRI	M	0.0
1286	2011	KU	F	0.0049
1287	2011	KU	M	0.0045
1288	2011	KZ	F	0.0
1289	2011	KZ	M	0.0
1290	2011	LA	F	0.0
1291	2011	LA	M	0.0
1292	2011	LE	F	0.0
1293	2011	LE	M	0.0
1294	2011	LI	F	0.0
1295	2011	LI	M	0.0
1296	2011	LO	F	0.0
1297	2011	LO	M	0.0
1298	2011	LY	F	0.0
1299	2011	LY	M	0.0
1300	2011	MA	F	0.0
1301	2011	MA	M	0.0
1302	2011	MD	F	0.0
1303	2011	MD	M	0.0
1304	2011	MI	F	0.0
1305	2011	MI	M	0.0
1306	2011	MLT	F	0.0
1307	2011	MLT	M	0.0022
1308	2011	MM	F	0.0
1309	2011	MM	M	0.0
1310	2011	MO	F	0.0
1311	2011	MO	M	0.0
1312	2011	MT	F	0.0
1313	2011	MT	M	0.0
1314	2011	MU	F	0.0
1315	2011	MU	M	0.0
1316	2011	MX	F	0.0
1317	2011	MX	M	0.0
1318	2011	MY	F	0.0222
1319	2011	MY	M	0.0156
1320	2011	MZ	F	0.0049
1321	2011	MZ	M	0.0
1322	2011	NI	F	0.0
1323	2011	NI	M	0.0
1324	2011	NM	F	0.0
1325	2011	NM	M	0.0
1326	2011	NP	F	0.0616
1327	2011	NP	M	0.0579
1328	2011	PAL	F	0.0
1329	2011	PAL	M	0.0
1330	2011	PE	F	0.0
1331	2011	PE	M	0.0022
1332	2011	PH	F	0.0
1333	2011	PH	M	0.0
1334	2011	PK	F	0.0
1335	2011	PK	M	0.0
1336	2011	RG	F	0.0
1337	2011	RG	M	0.0
1338	2011	RO	F	0.0
1339	2011	RO	M	0.0
1340	2011	RS	F	0.0025
1341	2011	RS	M	0.0045
1342	2011	RW	F	0.0025
1343	2011	RW	M	0.0067
1344	2011	SA	F	0.0
1345	2011	SA	M	0.0
1346	2011	SB	F	0.0
1347	2011	SB	M	0.0
1348	2011	SD	F	0.0
1349	2011	SD	M	0.0
1350	2011	SF	F	0.0
1351	2011	SF	M	0.0
1352	2011	SG	F	0.0
1353	2011	SG	M	0.0
1354	2011	SH	F	0.0
1355	2011	SH	M	0.0
1356	2011	SK	F	0.0
1357	2011	SK	M	0.0
1358	2011	SL	F	0.0
1359	2011	SL	M	0.0
1360	2011	SO	F	0.1182
1361	2011	SO	M	0.0757
1362	2011	SR	F	0.0
1363	2011	SR	M	0.0
1364	2011	SSU	F	0.0
1365	2011	SSU	M	0.0
1366	2011	SU	F	0.0074
1367	2011	SU	M	0.0445
1368	2011	SY	F	0.0
1369	2011	SY	M	0.0
1370	2011	TB	F	0.0
1371	2011	TB	M	0.0
1372	2011	TH	F	0.069
1373	2011	TH	M	0.0802
1374	2011	TO	F	0.0
1375	2011	TO	M	0.0
1376	2011	TS	F	0.0
1377	2011	TS	M	0.0
1378	2011	TU	F	0.0025
1379	2011	TU	M	0.0
1380	2011	TX	F	0.0
1381	2011	TX	M	0.0
1382	2011	TZ	F	0.0074
1383	2011	TZ	M	0.0045
1384	2011	UG	F	0.0
1385	2011	UG	M	0.0134
1386	2011	UP	F	0.0
1387	2011	UP	M	0.0
1388	2011	UZ	F	0.0
1389	2011	UZ	M	0.0
1390	2011	VE	F	0.0
1391	2011	VE	M	0.0
1392	2011	VN	F	0.0
1393	2011	VN	M	0.0
1394	2011	YM	F	0.0
1395	2011	YM	M	0.0
1396	2011	YO	F	0.0
1397	2011	YO	M	0.0
1398	2011	ZA	F	0.0
1399	2011	ZA	M	0.0
1400	2011	ZI	F	0.0
1401	2011	ZI	M	0.0
1402	2011	ZR	F	0.0
1403	2011	ZR	M	0.0
1404	2012	AB	F	0.0
1405	2012	AB	M	0.0
1406	2012	AF	F	0.0226
1407	2012	AF	M	0.0091
1408	2012	AJ	F	0.0
1409	2012	AJ	M	0.0
1410	2012	AK	F	0.0
1411	2012	AK	M	0.0
1412	2012	AM	F	0.0
1413	2012	AM	M	0.0
1414	2012	AO	F	0.0
1415	2012	AO	M	0.0
1416	2012	AR	F	0.0
1417	2012	AR	M	0.0015
1418	2012	AU	F	0.0
1419	2012	AU	M	0.0
1420	2012	BA	F	0.0
1421	2012	BA	M	0.0
1422	2012	BC	F	0.0
1423	2012	BC	M	0.0
1424	2012	BE	F	0.0
1425	2012	BE	M	0.0
1426	2012	BK	F	0.0
1427	2012	BK	M	0.0
1428	2012	BM	F	0.0847
1429	2012	BM	M	0.0923
1430	2012	BO	F	0.0019
1431	2012	BO	M	0.0
1432	2012	BR	F	0.0
1433	2012	BR	M	0.0
1434	2012	BT	F	0.1412
1435	2012	BT	M	0.1316
1436	2012	BY	F	0.0
1437	2012	BY	M	0.0
1438	2012	CB	F	0.0
1439	2012	CB	M	0.0
1440	2012	CD	F	0.0019
1441	2012	CD	M	0.0
1442	2012	CE	F	0.0113
1443	2012	CE	M	0.0061
1444	2012	CG	F	0.0038
1445	2012	CG	M	0.003
1446	2012	CH	F	0.0
1447	2012	CH	M	0.0
1448	2012	CI	F	0.0019
1449	2012	CI	M	0.0
1450	2012	CM	F	0.0
1451	2012	CM	M	0.0
1452	2012	CN	F	0.0
1453	2012	CN	M	0.0
1454	2012	CO	F	0.0
1455	2012	CO	M	0.0
1456	2012	CT	F	0.0056
1457	2012	CT	M	0.003
1458	2012	CU	F	0.0169
1459	2012	CU	M	0.0166
1460	2012	DA	F	0.0
1461	2012	DA	M	0.0
1462	2012	DC	F	0.0207
1463	2012	DC	M	0.0197
1464	2012	DJ	F	0.0113
1465	2012	DJ	M	0.0182
1466	2012	EC	F	0.0
1467	2012	EC	M	0.0
1468	2012	EG	F	0.0038
1469	2012	EG	M	0.0015
1470	2012	ER	F	0.0075
1471	2012	ER	M	0.0061
1472	2012	ET	F	0.0508
1473	2012	ET	M	0.0696
1474	2012	GA	F	0.0
1475	2012	GA	M	0.0015
1476	2012	GB	F	0.0
1477	2012	GB	M	0.0
1478	2012	GG	F	0.0
1479	2012	GG	M	0.0
1480	2012	GH	F	0.0
1481	2012	GH	M	0.0
1482	2012	GT	F	0.0
1483	2012	GT	M	0.0
1484	2012	GU	F	0.0
1485	2012	GU	M	0.0
1486	2012	HA	F	0.0
1487	2012	HA	M	0.0
1488	2012	HK	F	0.0
1489	2012	HK	M	0.0
1490	2012	HO	F	0.0
1491	2012	HO	M	0.0
1492	2012	ID	F	0.0
1493	2012	ID	M	0.0
1494	2012	IN	F	0.0
1495	2012	IN	M	0.0
1496	2012	IR	F	0.049
1497	2012	IR	M	0.0363
1498	2012	IS	F	0.0
1499	2012	IS	M	0.0
1500	2012	IV	F	0.0
1501	2012	IV	M	0.0
1502	2012	IZ	F	0.1921
1503	2012	IZ	M	0.2057
1504	2012	JO	F	0.0132
1505	2012	JO	M	0.003
1506	2012	KA	F	0.0
1507	2012	KA	M	0.0
1508	2012	KC	F	0.0
1509	2012	KC	M	0.0
1510	2012	KE	F	0.0019
1511	2012	KE	M	0.0091
1512	2012	KG	F	0.0
1513	2012	KG	M	0.0
1514	2012	KM	F	0.0
1515	2012	KM	M	0.0
1516	2012	KN	F	0.0056
1517	2012	KN	M	0.0
1518	2012	KRI	F	0.0
1519	2012	KRI	M	0.0
1520	2012	KU	F	0.0038
1521	2012	KU	M	0.0045
1522	2012	KZ	F	0.0
1523	2012	KZ	M	0.0
1524	2012	LA	F	0.0
1525	2012	LA	M	0.0
1526	2012	LE	F	0.0
1527	2012	LE	M	0.0
1528	2012	LI	F	0.0019
1529	2012	LI	M	0.0
1530	2012	LO	F	0.0
1531	2012	LO	M	0.0
1532	2012	LY	F	0.0094
1533	2012	LY	M	0.0182
1534	2012	MA	F	0.0
1535	2012	MA	M	0.0
1536	2012	MD	F	0.0
1537	2012	MD	M	0.0
1538	2012	MI	F	0.0
1539	2012	MI	M	0.0
1540	2012	MLT	F	0.0
1541	2012	MLT	M	0.0
1542	2012	MM	F	0.0
1543	2012	MM	M	0.0
1544	2012	MO	F	0.0
1545	2012	MO	M	0.0
1546	2012	MT	F	0.0
1547	2012	MT	M	0.0
1548	2012	MU	F	0.0
1549	2012	MU	M	0.0
1550	2012	MX	F	0.0038
1551	2012	MX	M	0.0
1552	2012	MY	F	0.0075
1553	2012	MY	M	0.0182
1554	2012	MZ	F	0.0
1555	2012	MZ	M	0.0
1556	2012	NI	F	0.0
1557	2012	NI	M	0.0015
1558	2012	NM	F	0.0
1559	2012	NM	M	0.0
1560	2012	NP	F	0.0753
1561	2012	NP	M	0.059
1562	2012	PAL	F	0.0
1563	2012	PAL	M	0.0
1564	2012	PE	F	0.0
1565	2012	PE	M	0.0015
1566	2012	PH	F	0.0
1567	2012	PH	M	0.0
1568	2012	PK	F	0.0
1569	2012	PK	M	0.0015
1570	2012	RG	F	0.0
1571	2012	RG	M	0.0
1572	2012	RO	F	0.0
1573	2012	RO	M	0.0
1574	2012	RS	F	0.0056
1575	2012	RS	M	0.0015
1576	2012	RW	F	0.0
1577	2012	RW	M	0.0
1578	2012	SA	F	0.0
1579	2012	SA	M	0.0
1580	2012	SB	F	0.0
1581	2012	SB	M	0.0
1582	2012	SD	F	0.0
1583	2012	SD	M	0.0
1584	2012	SF	F	0.0207
1585	2012	SF	M	0.0106
1586	2012	SG	F	0.0
1587	2012	SG	M	0.0
1588	2012	SH	F	0.0
1589	2012	SH	M	0.0
1590	2012	SK	F	0.0
1591	2012	SK	M	0.0
1592	2012	SL	F	0.0
1593	2012	SL	M	0.0
1594	2012	SO	F	0.1431
1595	2012	SO	M	0.1377
1596	2012	SR	F	0.0
1597	2012	SR	M	0.0
1598	2012	SSU	F	0.0
1599	2012	SSU	M	0.0
1600	2012	SU	F	0.0226
1601	2012	SU	M	0.0575
1602	2012	SY	F	0.0
1603	2012	SY	M	0.0015
1604	2012	TB	F	0.0
1605	2012	TB	M	0.0
1606	2012	TH	F	0.0471
1607	2012	TH	M	0.0348
1608	2012	TO	F	0.0
1609	2012	TO	M	0.0
1610	2012	TS	F	0.0
1611	2012	TS	M	0.0015
1612	2012	TU	F	0.0019
1613	2012	TU	M	0.0015
1614	2012	TX	F	0.0
1615	2012	TX	M	0.0
1616	2012	TZ	F	0.0038
1617	2012	TZ	M	0.0015
1618	2012	UG	F	0.0038
1619	2012	UG	M	0.0045
1620	2012	UP	F	0.0
1621	2012	UP	M	0.0
1622	2012	UZ	F	0.0
1623	2012	UZ	M	0.0
1624	2012	VE	F	0.0019
1625	2012	VE	M	0.0061
1626	2012	VN	F	0.0
1627	2012	VN	M	0.0
1628	2012	YM	F	0.0
1629	2012	YM	M	0.0015
1630	2012	YO	F	0.0
1631	2012	YO	M	0.0
1632	2012	ZA	F	0.0
1633	2012	ZA	M	0.0015
1634	2012	ZI	F	0.0
1635	2012	ZI	M	0.0
1636	2012	ZR	F	0.0
1637	2012	ZR	M	0.0
1638	2013	AB	F	0.0
1639	2013	AB	M	0.0
1640	2013	AF	F	0.0119
1641	2013	AF	M	0.017
1642	2013	AJ	F	0.0
1643	2013	AJ	M	0.0
1644	2013	AK	F	0.0
1645	2013	AK	M	0.0
1646	2013	AM	F	0.0
1647	2013	AM	M	0.0
1648	2013	AO	F	0.0
1649	2013	AO	M	0.0
1650	2013	AR	F	0.0
1651	2013	AR	M	0.0
1652	2013	AU	F	0.0
1653	2013	AU	M	0.0
1654	2013	BA	F	0.0
1655	2013	BA	M	0.0
1656	2013	BC	F	0.0
1657	2013	BC	M	0.0031
1658	2013	BE	F	0.0
1659	2013	BE	M	0.0
1660	2013	BK	F	0.002
1661	2013	BK	M	0.0
1662	2013	BM	F	0.0855
1663	2013	BM	M	0.0975
1664	2013	BO	F	0.0
1665	2013	BO	M	0.0
1666	2013	BR	F	0.0
1667	2013	BR	M	0.0
1668	2013	BT	F	0.0736
1669	2013	BT	M	0.0728
1670	2013	BY	F	0.0159
1671	2013	BY	M	0.0108
1672	2013	CB	F	0.0
1673	2013	CB	M	0.0
1674	2013	CD	F	0.0
1675	2013	CD	M	0.0031
1676	2013	CE	F	0.0159
1677	2013	CE	M	0.0093
1678	2013	CG	F	0.0119
1679	2013	CG	M	0.0186
1680	2013	CH	F	0.0
1681	2013	CH	M	0.0031
1682	2013	CI	F	0.0
1683	2013	CI	M	0.0
1684	2013	CM	F	0.0
1685	2013	CM	M	0.0
1686	2013	CN	F	0.0
1687	2013	CN	M	0.0
1688	2013	CO	F	0.002
1689	2013	CO	M	0.0015
1690	2013	CT	F	0.0
1691	2013	CT	M	0.0
1692	2013	CU	F	0.004
1693	2013	CU	M	0.0046
1694	2013	DA	F	0.0
1695	2013	DA	M	0.0
1696	2013	DC	F	0.0159
1697	2013	DC	M	0.0155
1698	2013	DJ	F	0.0159
1699	2013	DJ	M	0.0062
1700	2013	EC	F	0.0
1701	2013	EC	M	0.0
1702	2013	EG	F	0.008
1703	2013	EG	M	0.0046
1704	2013	ER	F	0.0099
1705	2013	ER	M	0.0155
1706	2013	ET	F	0.0278
1707	2013	ET	M	0.0325
1708	2013	GA	F	0.0
1709	2013	GA	M	0.0
1710	2013	GB	F	0.0
1711	2013	GB	M	0.0
1712	2013	GG	F	0.0
1713	2013	GG	M	0.0
1714	2013	GH	F	0.0
1715	2013	GH	M	0.0
1716	2013	GT	F	0.0
1717	2013	GT	M	0.0
1718	2013	GU	F	0.002
1719	2013	GU	M	0.0046
1720	2013	HA	F	0.0
1721	2013	HA	M	0.0
1722	2013	HK	F	0.0
1723	2013	HK	M	0.0
1724	2013	HO	F	0.0
1725	2013	HO	M	0.0
1726	2013	ID	F	0.002
1727	2013	ID	M	0.0
1728	2013	IN	F	0.002
1729	2013	IN	M	0.0
1730	2013	IR	F	0.0298
1731	2013	IR	M	0.0248
1732	2013	IS	F	0.0
1733	2013	IS	M	0.0015
1734	2013	IV	F	0.0
1735	2013	IV	M	0.0015
1736	2013	IZ	F	0.2783
1737	2013	IZ	M	0.2461
1738	2013	JO	F	0.0159
1739	2013	JO	M	0.0093
1740	2013	KA	F	0.0
1741	2013	KA	M	0.0
1742	2013	KC	F	0.0
1743	2013	KC	M	0.0
1744	2013	KE	F	0.0099
1745	2013	KE	M	0.0
1746	2013	KG	F	0.0
1747	2013	KG	M	0.0
1748	2013	KM	F	0.0
1749	2013	KM	M	0.0
1750	2013	KN	F	0.0
1751	2013	KN	M	0.0015
1752	2013	KRI	F	0.0
1753	2013	KRI	M	0.0
1754	2013	KU	F	0.0099
1755	2013	KU	M	0.0093
1756	2013	KZ	F	0.0
1757	2013	KZ	M	0.0
1758	2013	LA	F	0.0
1759	2013	LA	M	0.0
1760	2013	LE	F	0.0
1761	2013	LE	M	0.0015
1762	2013	LI	F	0.0
1763	2013	LI	M	0.0
1764	2013	LO	F	0.0
1765	2013	LO	M	0.0
1766	2013	LY	F	0.0099
1767	2013	LY	M	0.0108
1768	2013	MA	F	0.002
1769	2013	MA	M	0.0
1770	2013	MD	F	0.0099
1771	2013	MD	M	0.0031
1772	2013	MI	F	0.0
1773	2013	MI	M	0.0
1774	2013	MLT	F	0.0
1775	2013	MLT	M	0.0
1776	2013	MM	F	0.0
1777	2013	MM	M	0.0015
1778	2013	MO	F	0.0
1779	2013	MO	M	0.0
1780	2013	MT	F	0.0
1781	2013	MT	M	0.0
1782	2013	MU	F	0.0
1783	2013	MU	M	0.0
1784	2013	MX	F	0.0
1785	2013	MX	M	0.0
1786	2013	MY	F	0.002
1787	2013	MY	M	0.0108
1788	2013	MZ	F	0.0
1789	2013	MZ	M	0.0
1790	2013	NI	F	0.0
1791	2013	NI	M	0.0
1792	2013	NM	F	0.0
1793	2013	NM	M	0.0
1794	2013	NP	F	0.0616
1795	2013	NP	M	0.0433
1796	2013	PAL	F	0.0
1797	2013	PAL	M	0.0
1798	2013	PE	F	0.0
1799	2013	PE	M	0.0
1800	2013	PH	F	0.0
1801	2013	PH	M	0.0
1802	2013	PK	F	0.0
1803	2013	PK	M	0.0031
1804	2013	RG	F	0.0
1805	2013	RG	M	0.0
1806	2013	RO	F	0.0
1807	2013	RO	M	0.0
1808	2013	RS	F	0.0
1809	2013	RS	M	0.0015
1810	2013	RW	F	0.0099
1811	2013	RW	M	0.0077
1812	2013	SA	F	0.0
1813	2013	SA	M	0.0
1814	2013	SB	F	0.0
1815	2013	SB	M	0.0
1816	2013	SD	F	0.0
1817	2013	SD	M	0.0
1818	2013	SF	F	0.004
1819	2013	SF	M	0.0077
1820	2013	SG	F	0.0
1821	2013	SG	M	0.0
1822	2013	SH	F	0.0
1823	2013	SH	M	0.0
1824	2013	SK	F	0.0
1825	2013	SK	M	0.0
1826	2013	SL	F	0.0
1827	2013	SL	M	0.0
1828	2013	SO	F	0.1431
1829	2013	SO	M	0.1192
1830	2013	SR	F	0.0
1831	2013	SR	M	0.0
1832	2013	SSU	F	0.0
1833	2013	SSU	M	0.0
1834	2013	SU	F	0.0258
1835	2013	SU	M	0.0929
1836	2013	SY	F	0.004
1837	2013	SY	M	0.0031
1838	2013	TB	F	0.0
1839	2013	TB	M	0.0
1840	2013	TH	F	0.0437
1841	2013	TH	M	0.048
1842	2013	TO	F	0.0
1843	2013	TO	M	0.0
1844	2013	TS	F	0.0
1845	2013	TS	M	0.0
1846	2013	TU	F	0.0
1847	2013	TU	M	0.0062
1848	2013	TX	F	0.002
1849	2013	TX	M	0.0
1850	2013	TZ	F	0.002
1851	2013	TZ	M	0.0046
1852	2013	UG	F	0.0179
1853	2013	UG	M	0.0108
1854	2013	UP	F	0.004
1855	2013	UP	M	0.0031
1856	2013	UZ	F	0.0
1857	2013	UZ	M	0.0
1858	2013	VE	F	0.004
1859	2013	VE	M	0.0015
1860	2013	VN	F	0.0
1861	2013	VN	M	0.0
1862	2013	YM	F	0.004
1863	2013	YM	M	0.0046
1864	2013	YO	F	0.0
1865	2013	YO	M	0.0
1866	2013	ZA	F	0.0
1867	2013	ZA	M	0.0
1868	2013	ZI	F	0.0
1869	2013	ZI	M	0.0
1870	2013	ZR	F	0.0
1871	2013	ZR	M	0.0
1872	2014	AB	F	0.0
1873	2014	AB	M	0.0
1874	2014	AF	F	0.0604
1875	2014	AF	M	0.062
1876	2014	AJ	F	0.0
1877	2014	AJ	M	0.0
1878	2014	AK	F	0.0
1879	2014	AK	M	0.0
1880	2014	AM	F	0.0
1881	2014	AM	M	0.0
1882	2014	AO	F	0.0
1883	2014	AO	M	0.0
1884	2014	AR	F	0.0
1885	2014	AR	M	0.0
1886	2014	AU	F	0.0
1887	2014	AU	M	0.0
1888	2014	BA	F	0.0
1889	2014	BA	M	0.0
1890	2014	BC	F	0.0016
1891	2014	BC	M	0.0
1892	2014	BE	F	0.0
1893	2014	BE	M	0.0
1894	2014	BK	F	0.0
1895	2014	BK	M	0.0
1896	2014	BM	F	0.0832
1897	2014	BM	M	0.0793
1898	2014	BO	F	0.0
1899	2014	BO	M	0.0
1900	2014	BR	F	0.0
1901	2014	BR	M	0.0
1902	2014	BT	F	0.0294
1903	2014	BT	M	0.0245
1904	2014	BY	F	0.0114
1905	2014	BY	M	0.0101
1906	2014	CB	F	0.0
1907	2014	CB	M	0.0014
1908	2014	CD	F	0.0
1909	2014	CD	M	0.0
1910	2014	CE	F	0.0065
1911	2014	CE	M	0.0014
1912	2014	CG	F	0.0277
1913	2014	CG	M	0.0274
1914	2014	CH	F	0.0
1915	2014	CH	M	0.0
1916	2014	CI	F	0.0
1917	2014	CI	M	0.0
1918	2014	CM	F	0.0
1919	2014	CM	M	0.0
1920	2014	CN	F	0.0
1921	2014	CN	M	0.0
1922	2014	CO	F	0.0049
1923	2014	CO	M	0.0014
1924	2014	CT	F	0.0
1925	2014	CT	M	0.0014
1926	2014	CU	F	0.0098
1927	2014	CU	M	0.0173
1928	2014	DA	F	0.0
1929	2014	DA	M	0.0
1930	2014	DC	F	0.0343
1931	2014	DC	M	0.0202
1932	2014	DJ	F	0.0
1933	2014	DJ	M	0.0
1934	2014	EC	F	0.0
1935	2014	EC	M	0.0
1936	2014	EG	F	0.0049
1937	2014	EG	M	0.0086
1938	2014	ER	F	0.0098
1939	2014	ER	M	0.0101
1940	2014	ET	F	0.0587
1941	2014	ET	M	0.0562
1942	2014	GA	F	0.0
1943	2014	GA	M	0.0
1944	2014	GB	F	0.0
1945	2014	GB	M	0.0
1946	2014	GG	F	0.0
1947	2014	GG	M	0.0
1948	2014	GH	F	0.0
1949	2014	GH	M	0.0
1950	2014	GT	F	0.0
1951	2014	GT	M	0.0
1952	2014	GU	F	0.0
1953	2014	GU	M	0.0
1954	2014	HA	F	0.0
1955	2014	HA	M	0.0
1956	2014	HK	F	0.0
1957	2014	HK	M	0.0
1958	2014	HO	F	0.0
1959	2014	HO	M	0.0
1960	2014	ID	F	0.0033
1961	2014	ID	M	0.0
1962	2014	IN	F	0.0016
1963	2014	IN	M	0.0
1964	2014	IR	F	0.0131
1965	2014	IR	M	0.0173
1966	2014	IS	F	0.0
1967	2014	IS	M	0.0
1968	2014	IV	F	0.0
1969	2014	IV	M	0.0
1970	2014	IZ	F	0.2594
1971	2014	IZ	M	0.2493
1972	2014	JO	F	0.0
1973	2014	JO	M	0.0029
1974	2014	KA	F	0.0
1975	2014	KA	M	0.0
1976	2014	KC	F	0.0
1977	2014	KC	M	0.0
1978	2014	KE	F	0.0424
1979	2014	KE	M	0.0346
1980	2014	KG	F	0.0
1981	2014	KG	M	0.0
1982	2014	KM	F	0.0
1983	2014	KM	M	0.0
1984	2014	KN	F	0.0
1985	2014	KN	M	0.0014
1986	2014	KRI	F	0.0
1987	2014	KRI	M	0.0
1988	2014	KU	F	0.0082
1989	2014	KU	M	0.0115
1990	2014	KZ	F	0.0
1991	2014	KZ	M	0.0
1992	2014	LA	F	0.0
1993	2014	LA	M	0.0
1994	2014	LE	F	0.0
1995	2014	LE	M	0.0
1996	2014	LI	F	0.0
1997	2014	LI	M	0.0
1998	2014	LO	F	0.0
1999	2014	LO	M	0.0
2000	2014	LY	F	0.0
2001	2014	LY	M	0.0014
2002	2014	MA	F	0.0
2003	2014	MA	M	0.0
2004	2014	MD	F	0.0
2005	2014	MD	M	0.0
2006	2014	MI	F	0.0
2007	2014	MI	M	0.0
2008	2014	MLT	F	0.0
2009	2014	MLT	M	0.0014
2010	2014	MM	F	0.0
2011	2014	MM	M	0.0
2012	2014	MO	F	0.0
2013	2014	MO	M	0.0
2014	2014	MT	F	0.0
2015	2014	MT	M	0.0
2016	2014	MU	F	0.0
2017	2014	MU	M	0.0
2018	2014	MX	F	0.0016
2019	2014	MX	M	0.0
2020	2014	MY	F	0.0212
2021	2014	MY	M	0.0086
2022	2014	MZ	F	0.0
2023	2014	MZ	M	0.0
2024	2014	NI	F	0.0
2025	2014	NI	M	0.0
2026	2014	NM	F	0.0016
2027	2014	NM	M	0.0014
2028	2014	NP	F	0.0196
2029	2014	NP	M	0.0202
2030	2014	PAL	F	0.0
2031	2014	PAL	M	0.0
2032	2014	PE	F	0.0
2033	2014	PE	M	0.0
2034	2014	PH	F	0.0
2035	2014	PH	M	0.0
2036	2014	PK	F	0.0049
2037	2014	PK	M	0.0101
2038	2014	RG	F	0.0
2039	2014	RG	M	0.0
2040	2014	RO	F	0.0
2041	2014	RO	M	0.0
2042	2014	RS	F	0.0
2043	2014	RS	M	0.0014
2044	2014	RW	F	0.0147
2045	2014	RW	M	0.0274
2046	2014	SA	F	0.0
2047	2014	SA	M	0.0
2048	2014	SB	F	0.0
2049	2014	SB	M	0.0
2050	2014	SD	F	0.0
2051	2014	SD	M	0.0
2052	2014	SF	F	0.0033
2053	2014	SF	M	0.013
2054	2014	SG	F	0.0
2055	2014	SG	M	0.0
2056	2014	SH	F	0.0
2057	2014	SH	M	0.0
2058	2014	SK	F	0.0
2059	2014	SK	M	0.0
2060	2014	SL	F	0.0
2061	2014	SL	M	0.0
2062	2014	SO	F	0.155
2063	2014	SO	M	0.1787
2064	2014	SR	F	0.0
2065	2014	SR	M	0.0
2066	2014	SSU	F	0.0
2067	2014	SSU	M	0.0
2068	2014	SU	F	0.0245
2069	2014	SU	M	0.0346
2070	2014	SY	F	0.0065
2071	2014	SY	M	0.0101
2072	2014	TB	F	0.0
2073	2014	TB	M	0.0
2074	2014	TH	F	0.0326
2075	2014	TH	M	0.0317
2076	2014	TO	F	0.0033
2077	2014	TO	M	0.0029
2078	2014	TS	F	0.0016
2079	2014	TS	M	0.0014
2080	2014	TU	F	0.0
2081	2014	TU	M	0.0029
2082	2014	TX	F	0.0
2083	2014	TX	M	0.0
2084	2014	TZ	F	0.0114
2085	2014	TZ	M	0.0029
2086	2014	UG	F	0.0196
2087	2014	UG	M	0.0058
2088	2014	UP	F	0.0
2089	2014	UP	M	0.0
2090	2014	UZ	F	0.0
2091	2014	UZ	M	0.0
2092	2014	VE	F	0.0
2093	2014	VE	M	0.0
2094	2014	VN	F	0.0
2095	2014	VN	M	0.0
2096	2014	YM	F	0.0049
2097	2014	YM	M	0.0043
2098	2014	YO	F	0.0
2099	2014	YO	M	0.0
2100	2014	ZA	F	0.0033
2101	2014	ZA	M	0.0014
2102	2014	ZI	F	0.0
2103	2014	ZI	M	0.0
2104	2014	ZR	F	0.0
2105	2014	ZR	M	0.0
2106	2015	AB	F	0.0
2107	2015	AB	M	0.0034
2108	2015	AF	F	0.0325
2109	2015	AF	M	0.0391
2110	2015	AJ	F	0.0
2111	2015	AJ	M	0.0
2112	2015	AK	F	0.0
2113	2015	AK	M	0.0
2114	2015	AM	F	0.0
2115	2015	AM	M	0.0
2116	2015	AO	F	0.0
2117	2015	AO	M	0.0
2118	2015	AR	F	0.0
2119	2015	AR	M	0.0
2120	2015	AU	F	0.0
2121	2015	AU	M	0.0
2122	2015	BA	F	0.0
2123	2015	BA	M	0.0
2124	2015	BC	F	0.0
2125	2015	BC	M	0.0
2126	2015	BE	F	0.0
2127	2015	BE	M	0.0
2128	2015	BK	F	0.0
2129	2015	BK	M	0.0
2130	2015	BM	F	0.1077
2131	2015	BM	M	0.1463
2132	2015	BO	F	0.0
2133	2015	BO	M	0.0
2134	2015	BR	F	0.0
2135	2015	BR	M	0.0
2136	2015	BT	F	0.0291
2137	2015	BT	M	0.0238
2138	2015	BY	F	0.0205
2139	2015	BY	M	0.0153
2140	2015	CB	F	0.0
2141	2015	CB	M	0.0
2142	2015	CD	F	0.0
2143	2015	CD	M	0.0
2144	2015	CE	F	0.0017
2145	2015	CE	M	0.0034
2146	2015	CG	F	0.0342
2147	2015	CG	M	0.0272
2148	2015	CH	F	0.0
2149	2015	CH	M	0.0
2150	2015	CI	F	0.0
2151	2015	CI	M	0.0
2152	2015	CM	F	0.0051
2153	2015	CM	M	0.0034
2154	2015	CN	F	0.0
2155	2015	CN	M	0.0
2156	2015	CO	F	0.0017
2157	2015	CO	M	0.0051
2158	2015	CT	F	0.0
2159	2015	CT	M	0.0034
2160	2015	CU	F	0.0325
2161	2015	CU	M	0.0561
2162	2015	DA	F	0.0
2163	2015	DA	M	0.0
2164	2015	DC	F	0.041
2165	2015	DC	M	0.0527
2166	2015	DJ	F	0.0
2167	2015	DJ	M	0.0
2168	2015	EC	F	0.0
2169	2015	EC	M	0.0
2170	2015	EG	F	0.0034
2171	2015	EG	M	0.0034
2172	2015	ER	F	0.0444
2173	2015	ER	M	0.0153
2174	2015	ET	F	0.0598
2175	2015	ET	M	0.0544
2176	2015	GA	F	0.0
2177	2015	GA	M	0.0
2178	2015	GB	F	0.0
2179	2015	GB	M	0.0
2180	2015	GG	F	0.0
2181	2015	GG	M	0.0
2182	2015	GH	F	0.0
2183	2015	GH	M	0.0
2184	2015	GT	F	0.0
2185	2015	GT	M	0.0
2186	2015	GU	F	0.0
2187	2015	GU	M	0.0
2188	2015	HA	F	0.0
2189	2015	HA	M	0.0
2190	2015	HK	F	0.0
2191	2015	HK	M	0.0
2192	2015	HO	F	0.0017
2193	2015	HO	M	0.0
2194	2015	ID	F	0.0
2195	2015	ID	M	0.0
2196	2015	IN	F	0.0
2197	2015	IN	M	0.0017
2198	2015	IR	F	0.0154
2199	2015	IR	M	0.0153
2200	2015	IS	F	0.0
2201	2015	IS	M	0.0
2202	2015	IV	F	0.0154
2203	2015	IV	M	0.0051
2204	2015	IZ	F	0.1145
2205	2015	IZ	M	0.1378
2206	2015	JO	F	0.0
2207	2015	JO	M	0.0034
2208	2015	KA	F	0.0
2209	2015	KA	M	0.0
2210	2015	KC	F	0.0
2211	2015	KC	M	0.0
2212	2015	KE	F	0.0359
2213	2015	KE	M	0.017
2214	2015	KG	F	0.0
2215	2015	KG	M	0.0
2216	2015	KM	F	0.0
2217	2015	KM	M	0.0
2218	2015	KN	F	0.0085
2219	2015	KN	M	0.0017
2220	2015	KRI	F	0.0
2221	2015	KRI	M	0.0
2222	2015	KU	F	0.0
2223	2015	KU	M	0.0017
2224	2015	KZ	F	0.0
2225	2015	KZ	M	0.0
2226	2015	LA	F	0.0
2227	2015	LA	M	0.0
2228	2015	LE	F	0.0
2229	2015	LE	M	0.0
2230	2015	LI	F	0.0
2231	2015	LI	M	0.0
2232	2015	LO	F	0.0
2233	2015	LO	M	0.0
2234	2015	LY	F	0.0
2235	2015	LY	M	0.0017
2236	2015	MA	F	0.0
2237	2015	MA	M	0.0
2238	2015	MD	F	0.0
2239	2015	MD	M	0.0
2240	2015	MI	F	0.0
2241	2015	MI	M	0.0
2242	2015	MLT	F	0.0017
2243	2015	MLT	M	0.0034
2244	2015	MM	F	0.0
2245	2015	MM	M	0.0034
2246	2015	MO	F	0.0
2247	2015	MO	M	0.0
2248	2015	MT	F	0.0
2249	2015	MT	M	0.0
2250	2015	MU	F	0.0
2251	2015	MU	M	0.0
2252	2015	MX	F	0.0
2253	2015	MX	M	0.0
2254	2015	MY	F	0.0325
2255	2015	MY	M	0.017
2256	2015	MZ	F	0.0
2257	2015	MZ	M	0.0
2258	2015	NI	F	0.0
2259	2015	NI	M	0.0017
2260	2015	NM	F	0.0
2261	2015	NM	M	0.0034
2262	2015	NP	F	0.0291
2263	2015	NP	M	0.0391
2264	2015	PAL	F	0.0
2265	2015	PAL	M	0.0
2266	2015	PE	F	0.0
2267	2015	PE	M	0.0
2268	2015	PH	F	0.0
2269	2015	PH	M	0.0
2270	2015	PK	F	0.0
2271	2015	PK	M	0.0
2272	2015	RG	F	0.0
2273	2015	RG	M	0.0
2274	2015	RO	F	0.0
2275	2015	RO	M	0.0
2276	2015	RS	F	0.0
2277	2015	RS	M	0.0
2278	2015	RW	F	0.0239
2279	2015	RW	M	0.017
2280	2015	SA	F	0.0
2281	2015	SA	M	0.0
2282	2015	SB	F	0.0
2283	2015	SB	M	0.0
2284	2015	SD	F	0.0
2285	2015	SD	M	0.0
2286	2015	SF	F	0.0034
2287	2015	SF	M	0.0102
2288	2015	SG	F	0.0
2289	2015	SG	M	0.0
2290	2015	SH	F	0.0
2291	2015	SH	M	0.0
2292	2015	SK	F	0.0
2293	2015	SK	M	0.0
2294	2015	SL	F	0.0
2295	2015	SL	M	0.0
2296	2015	SO	F	0.1675
2297	2015	SO	M	0.1497
2298	2015	SR	F	0.0
2299	2015	SR	M	0.0
2300	2015	SSU	F	0.0
2301	2015	SSU	M	0.0
2302	2015	SU	F	0.041
2303	2015	SU	M	0.0425
2304	2015	SY	F	0.0034
2305	2015	SY	M	0.0085
2306	2015	TB	F	0.0
2307	2015	TB	M	0.0
2308	2015	TH	F	0.0479
2309	2015	TH	M	0.0391
2310	2015	TO	F	0.0
2311	2015	TO	M	0.0
2312	2015	TS	F	0.0
2313	2015	TS	M	0.0
2314	2015	TU	F	0.0034
2315	2015	TU	M	0.0
2316	2015	TX	F	0.0
2317	2015	TX	M	0.0
2318	2015	TZ	F	0.0274
2319	2015	TZ	M	0.0187
2320	2015	UG	F	0.0051
2321	2015	UG	M	0.0017
2322	2015	UP	F	0.0
2323	2015	UP	M	0.0
2324	2015	UZ	F	0.0
2325	2015	UZ	M	0.0
2326	2015	VE	F	0.0
2327	2015	VE	M	0.0
2328	2015	VN	F	0.0
2329	2015	VN	M	0.0
2330	2015	YM	F	0.0
2331	2015	YM	M	0.0017
2332	2015	YO	F	0.0
2333	2015	YO	M	0.0
2334	2015	ZA	F	0.0
2335	2015	ZA	M	0.0051
2336	2015	ZI	F	0.0085
2337	2015	ZI	M	0.0
2338	2015	ZR	F	0.0
2339	2015	ZR	M	0.0
2340	2016	AB	F	0.0
2341	2016	AB	M	0.0
2342	2016	AF	F	0.0345
2343	2016	AF	M	0.0458
2344	2016	AJ	F	0.0
2345	2016	AJ	M	0.0
2346	2016	AK	F	0.0
2347	2016	AK	M	0.0
2348	2016	AM	F	0.0
2349	2016	AM	M	0.0
2350	2016	AO	F	0.0
2351	2016	AO	M	0.0
2352	2016	AR	F	0.0
2353	2016	AR	M	0.0
2354	2016	AU	F	0.0
2355	2016	AU	M	0.0
2356	2016	BA	F	0.0
2357	2016	BA	M	0.0
2358	2016	BC	F	0.0
2359	2016	BC	M	0.0
2360	2016	BE	F	0.0
2361	2016	BE	M	0.0
2362	2016	BK	F	0.0
2363	2016	BK	M	0.0
2364	2016	BM	F	0.0539
2365	2016	BM	M	0.0555
2366	2016	BO	F	0.0
2367	2016	BO	M	0.0
2368	2016	BR	F	0.0
2369	2016	BR	M	0.0
2370	2016	BT	F	0.0166
2371	2016	BT	M	0.0253
2372	2016	BY	F	0.0193
2373	2016	BY	M	0.0109
2374	2016	CB	F	0.0
2375	2016	CB	M	0.0
2376	2016	CD	F	0.0152
2377	2016	CD	M	0.0
2378	2016	CE	F	0.0
2379	2016	CE	M	0.0012
2380	2016	CG	F	0.0
2381	2016	CG	M	0.0012
2382	2016	CH	F	0.0014
2383	2016	CH	M	0.0012
2384	2016	CI	F	0.0
2385	2016	CI	M	0.0
2386	2016	CM	F	0.0014
2387	2016	CM	M	0.0012
2388	2016	CN	F	0.0
2389	2016	CN	M	0.0
2390	2016	CO	F	0.0014
2391	2016	CO	M	0.0024
2392	2016	CT	F	0.0041
2393	2016	CT	M	0.0253
2394	2016	CU	F	0.047
2395	2016	CU	M	0.0555
2396	2016	DA	F	0.0
2397	2016	DA	M	0.0
2398	2016	DC	F	0.1547
2399	2016	DC	M	0.1074
2400	2016	DJ	F	0.0097
2401	2016	DJ	M	0.006
2402	2016	EC	F	0.0
2403	2016	EC	M	0.0
2404	2016	EG	F	0.0028
2405	2016	EG	M	0.0072
2406	2016	ER	F	0.0166
2407	2016	ER	M	0.0229
2408	2016	ET	F	0.0456
2409	2016	ET	M	0.029
2410	2016	GA	F	0.0
2411	2016	GA	M	0.0
2412	2016	GB	F	0.0
2413	2016	GB	M	0.0
2414	2016	GG	F	0.0
2415	2016	GG	M	0.0
2416	2016	GH	F	0.0014
2417	2016	GH	M	0.0
2418	2016	GT	F	0.0
2419	2016	GT	M	0.0024
2420	2016	GU	F	0.0
2421	2016	GU	M	0.0
2422	2016	HA	F	0.0
2423	2016	HA	M	0.0012
2424	2016	HK	F	0.0
2425	2016	HK	M	0.0
2426	2016	HO	F	0.0
2427	2016	HO	M	0.0
2428	2016	ID	F	0.0
2429	2016	ID	M	0.0
2430	2016	IN	F	0.0028
2431	2016	IN	M	0.0024
2432	2016	IR	F	0.0138
2433	2016	IR	M	0.0169
2434	2016	IS	F	0.0028
2435	2016	IS	M	0.0
2436	2016	IV	F	0.0
2437	2016	IV	M	0.0012
2438	2016	IZ	F	0.1133
2439	2016	IZ	M	0.1423
2440	2016	JO	F	0.0083
2441	2016	JO	M	0.006
2442	2016	KA	F	0.0
2443	2016	KA	M	0.0
2444	2016	KC	F	0.0
2445	2016	KC	M	0.0
2446	2016	KE	F	0.0345
2447	2016	KE	M	0.0338
2448	2016	KG	F	0.0
2449	2016	KG	M	0.0
2450	2016	KM	F	0.0
2451	2016	KM	M	0.0
2452	2016	KN	F	0.0014
2453	2016	KN	M	0.0012
2454	2016	KRI	F	0.0
2455	2016	KRI	M	0.0
2456	2016	KU	F	0.0
2457	2016	KU	M	0.0
2458	2016	KZ	F	0.0
2459	2016	KZ	M	0.0
2460	2016	LA	F	0.0
2461	2016	LA	M	0.0
2462	2016	LE	F	0.0014
2463	2016	LE	M	0.0012
2464	2016	LI	F	0.0
2465	2016	LI	M	0.0
2466	2016	LO	F	0.0
2467	2016	LO	M	0.0
2468	2016	LY	F	0.0
2469	2016	LY	M	0.0
2470	2016	MA	F	0.0
2471	2016	MA	M	0.0
2472	2016	MD	F	0.0
2473	2016	MD	M	0.0
2474	2016	MI	F	0.0
2475	2016	MI	M	0.0
2476	2016	MLT	F	0.0
2477	2016	MLT	M	0.0
2478	2016	MM	F	0.0
2479	2016	MM	M	0.0036
2480	2016	MO	F	0.0
2481	2016	MO	M	0.0
2482	2016	MT	F	0.0
2483	2016	MT	M	0.0
2484	2016	MU	F	0.0
2485	2016	MU	M	0.0
2486	2016	MX	F	0.0
2487	2016	MX	M	0.0012
2488	2016	MY	F	0.011
2489	2016	MY	M	0.0133
2490	2016	MZ	F	0.0
2491	2016	MZ	M	0.0
2492	2016	NI	F	0.0
2493	2016	NI	M	0.0012
2494	2016	NM	F	0.0014
2495	2016	NM	M	0.0024
2496	2016	NP	F	0.0221
2497	2016	NP	M	0.0133
2498	2016	PAL	F	0.0
2499	2016	PAL	M	0.0
2500	2016	PE	F	0.0
2501	2016	PE	M	0.0012
2502	2016	PH	F	0.0041
2503	2016	PH	M	0.0048
2504	2016	PK	F	0.0041
2505	2016	PK	M	0.0036
2506	2016	RG	F	0.0
2507	2016	RG	M	0.0
2508	2016	RO	F	0.0014
2509	2016	RO	M	0.0024
2510	2016	RS	F	0.0014
2511	2016	RS	M	0.0
2512	2016	RW	F	0.0193
2513	2016	RW	M	0.0084
2514	2016	SA	F	0.0
2515	2016	SA	M	0.0
2516	2016	SB	F	0.0
2517	2016	SB	M	0.0
2518	2016	SD	F	0.0
2519	2016	SD	M	0.0012
2520	2016	SF	F	0.0097
2521	2016	SF	M	0.006
2522	2016	SG	F	0.0
2523	2016	SG	M	0.0
2524	2016	SH	F	0.0
2525	2016	SH	M	0.0
2526	2016	SK	F	0.0
2527	2016	SK	M	0.0
2528	2016	SL	F	0.0
2529	2016	SL	M	0.0
2530	2016	SO	F	0.0925
2531	2016	SO	M	0.0965
2532	2016	SR	F	0.0
2533	2016	SR	M	0.0
2534	2016	SSU	F	0.0014
2535	2016	SSU	M	0.0
2536	2016	SU	F	0.0221
2537	2016	SU	M	0.0386
2538	2016	SY	F	0.0525
2539	2016	SY	M	0.0543
2540	2016	TB	F	0.0
2541	2016	TB	M	0.0
2542	2016	TH	F	0.0152
2543	2016	TH	M	0.0145
2544	2016	TO	F	0.0014
2545	2016	TO	M	0.0012
2546	2016	TS	F	0.0
2547	2016	TS	M	0.0
2548	2016	TU	F	0.0041
2549	2016	TU	M	0.0036
2550	2016	TX	F	0.0
2551	2016	TX	M	0.0
2552	2016	TZ	F	0.076
2553	2016	TZ	M	0.0591
2554	2016	UG	F	0.0511
2555	2016	UG	M	0.0567
2556	2016	UP	F	0.0
2557	2016	UP	M	0.0
2558	2016	UZ	F	0.0
2559	2016	UZ	M	0.0
2560	2016	VE	F	0.0
2561	2016	VE	M	0.0
2562	2016	VN	F	0.0
2563	2016	VN	M	0.0
2564	2016	YM	F	0.0
2565	2016	YM	M	0.0
2566	2016	YO	F	0.0
2567	2016	YO	M	0.0
2568	2016	ZA	F	0.0028
2569	2016	ZA	M	0.0036
2570	2016	ZI	F	0.0028
2571	2016	ZI	M	0.0024
2572	2016	ZR	F	0.0
2573	2016	ZR	M	0.0
2574	2017	AB	F	0.0
2575	2017	AB	M	0.0
2576	2017	AF	F	0.1408
2577	2017	AF	M	0.1705
2578	2017	AJ	F	0.0
2579	2017	AJ	M	0.0
2580	2017	AK	F	0.0
2581	2017	AK	M	0.0
2582	2017	AM	F	0.0
2583	2017	AM	M	0.0
2584	2017	AO	F	0.0
2585	2017	AO	M	0.0
2586	2017	AR	F	0.0
2587	2017	AR	M	0.0
2588	2017	AU	F	0.0
2589	2017	AU	M	0.0
2590	2017	BA	F	0.0
2591	2017	BA	M	0.0
2592	2017	BC	F	0.0
2593	2017	BC	M	0.0
2594	2017	BE	F	0.0
2595	2017	BE	M	0.0
2596	2017	BK	F	0.0
2597	2017	BK	M	0.0
2598	2017	BM	F	0.0634
2599	2017	BM	M	0.0814
2600	2017	BO	F	0.0
2601	2017	BO	M	0.0
2602	2017	BR	F	0.0
2603	2017	BR	M	0.0
2604	2017	BT	F	0.0141
2605	2017	BT	M	0.0155
2606	2017	BY	F	0.0211
2607	2017	BY	M	0.0078
2608	2017	CB	F	0.0
2609	2017	CB	M	0.0
2610	2017	CD	F	0.0035
2611	2017	CD	M	0.0
2612	2017	CE	F	0.0
2613	2017	CE	M	0.0
2614	2017	CG	F	0.0035
2615	2017	CG	M	0.0039
2616	2017	CH	F	0.0
2617	2017	CH	M	0.0
2618	2017	CI	F	0.0
2619	2017	CI	M	0.0
2620	2017	CM	F	0.0
2621	2017	CM	M	0.0
2622	2017	CN	F	0.0
2623	2017	CN	M	0.0
2624	2017	CO	F	0.0
2625	2017	CO	M	0.0039
2626	2017	CT	F	0.0035
2627	2017	CT	M	0.0
2628	2017	CU	F	0.0211
2629	2017	CU	M	0.031
2630	2017	DA	F	0.0
2631	2017	DA	M	0.0
2632	2017	DC	F	0.1373
2633	2017	DC	M	0.1202
2634	2017	DJ	F	0.0
2635	2017	DJ	M	0.0
2636	2017	EC	F	0.0
2637	2017	EC	M	0.0
2638	2017	EG	F	0.0
2639	2017	EG	M	0.0
2640	2017	ER	F	0.0
2641	2017	ER	M	0.0039
2642	2017	ET	F	0.0176
2643	2017	ET	M	0.0194
2644	2017	GA	F	0.0
2645	2017	GA	M	0.0
2646	2017	GB	F	0.0
2647	2017	GB	M	0.0
2648	2017	GG	F	0.0
2649	2017	GG	M	0.0
2650	2017	GH	F	0.0
2651	2017	GH	M	0.0
2652	2017	GT	F	0.0
2653	2017	GT	M	0.0
2654	2017	GU	F	0.0
2655	2017	GU	M	0.0
2656	2017	HA	F	0.0
2657	2017	HA	M	0.0
2658	2017	HK	F	0.0
2659	2017	HK	M	0.0
2660	2017	HO	F	0.0
2661	2017	HO	M	0.0
2662	2017	ID	F	0.0
2663	2017	ID	M	0.0
2664	2017	IN	F	0.0106
2665	2017	IN	M	0.0039
2666	2017	IR	F	0.0211
2667	2017	IR	M	0.0155
2668	2017	IS	F	0.0
2669	2017	IS	M	0.0
2670	2017	IV	F	0.0
2671	2017	IV	M	0.0
2672	2017	IZ	F	0.1796
2673	2017	IZ	M	0.1279
2674	2017	JO	F	0.0
2675	2017	JO	M	0.0078
2676	2017	KA	F	0.0
2677	2017	KA	M	0.0
2678	2017	KC	F	0.0
2679	2017	KC	M	0.0
2680	2017	KE	F	0.0246
2681	2017	KE	M	0.0271
2682	2017	KG	F	0.0
2683	2017	KG	M	0.0
2684	2017	KM	F	0.0
2685	2017	KM	M	0.0
2686	2017	KN	F	0.0
2687	2017	KN	M	0.0
2688	2017	KRI	F	0.0
2689	2017	KRI	M	0.0
2690	2017	KU	F	0.0
2691	2017	KU	M	0.0
2692	2017	KZ	F	0.0
2693	2017	KZ	M	0.0
2694	2017	LA	F	0.0
2695	2017	LA	M	0.0
2696	2017	LE	F	0.0
2697	2017	LE	M	0.0
2698	2017	LI	F	0.0
2699	2017	LI	M	0.0
2700	2017	LO	F	0.0
2701	2017	LO	M	0.0
2702	2017	LY	F	0.0
2703	2017	LY	M	0.0
2704	2017	MA	F	0.0
2705	2017	MA	M	0.0
2706	2017	MD	F	0.0
2707	2017	MD	M	0.0
2708	2017	MI	F	0.0
2709	2017	MI	M	0.0
2710	2017	MLT	F	0.0
2711	2017	MLT	M	0.0
2712	2017	MM	F	0.0035
2713	2017	MM	M	0.0039
2714	2017	MO	F	0.0
2715	2017	MO	M	0.0
2716	2017	MT	F	0.0
2717	2017	MT	M	0.0
2718	2017	MU	F	0.0
2719	2017	MU	M	0.0
2720	2017	MX	F	0.0035
2721	2017	MX	M	0.0
2722	2017	MY	F	0.0106
2723	2017	MY	M	0.0116
2724	2017	MZ	F	0.0
2725	2017	MZ	M	0.0
2726	2017	NI	F	0.0
2727	2017	NI	M	0.0
2728	2017	NM	F	0.0
2729	2017	NM	M	0.0
2730	2017	NP	F	0.0141
2731	2017	NP	M	0.0078
2732	2017	PAL	F	0.0
2733	2017	PAL	M	0.0
2734	2017	PE	F	0.006999999999999999
2735	2017	PE	M	0.0078
2736	2017	PH	F	0.0
2737	2017	PH	M	0.0039
2738	2017	PK	F	0.0141
2739	2017	PK	M	0.0155
2740	2017	RG	F	0.0
2741	2017	RG	M	0.0
2742	2017	RO	F	0.0
2743	2017	RO	M	0.0
2744	2017	RS	F	0.0
2745	2017	RS	M	0.0
2746	2017	RW	F	0.081
2747	2017	RW	M	0.0736
2748	2017	SA	F	0.0
2749	2017	SA	M	0.0
2750	2017	SB	F	0.0
2751	2017	SB	M	0.0
2752	2017	SD	F	0.0106
2753	2017	SD	M	0.0078
2754	2017	SF	F	0.0
2755	2017	SF	M	0.0
2756	2017	SG	F	0.0
2757	2017	SG	M	0.0
2758	2017	SH	F	0.0
2759	2017	SH	M	0.0
2760	2017	SK	F	0.0
2761	2017	SK	M	0.0
2762	2017	SL	F	0.0
2763	2017	SL	M	0.0
2764	2017	SO	F	0.0211
2765	2017	SO	M	0.0271
2766	2017	SR	F	0.0
2767	2017	SR	M	0.0
2768	2017	SSU	F	0.0
2769	2017	SSU	M	0.0
2770	2017	SU	F	0.0493
2771	2017	SU	M	0.0465
2772	2017	SY	F	0.0352
2773	2017	SY	M	0.0504
2774	2017	TB	F	0.0
2775	2017	TB	M	0.0
2776	2017	TH	F	0.0211
2777	2017	TH	M	0.0465
2778	2017	TO	F	0.0
2779	2017	TO	M	0.0039
2780	2017	TS	F	0.0
2781	2017	TS	M	0.0
2782	2017	TU	F	0.0
2783	2017	TU	M	0.0
2784	2017	TX	F	0.0
2785	2017	TX	M	0.0
2786	2017	TZ	F	0.0352
2787	2017	TZ	M	0.0155
2788	2017	UG	F	0.0282
2789	2017	UG	M	0.0388
2790	2017	UP	F	0.0
2791	2017	UP	M	0.0
2792	2017	UZ	F	0.0
2793	2017	UZ	M	0.0
2794	2017	VE	F	0.0
2795	2017	VE	M	0.0
2796	2017	VN	F	0.0
2797	2017	VN	M	0.0
2798	2017	YM	F	0.0
2799	2017	YM	M	0.0
2800	2017	YO	F	0.0
2801	2017	YO	M	0.0
2802	2017	ZA	F	0.0035
2803	2017	ZA	M	0.0
2804	2017	ZI	F	0.0
2805	2017	ZI	M	0.0
2806	2017	ZR	F	0.0
2807	2017	ZR	M	0.0
